Well,Treatment,Sample,Sex,Mouse_ID,Run,Full_name
B02,0.1_percent_DMSO_FBS_positive,F1,Female,732070,CH1_R1,CH1_R1_F1_0.1_percent_DMSO_FBS_positive
B03,0.1_percent_DMSO_FBS_positive,F1,Female,732070,CH1_R1,CH1_R1_F1_0.1_percent_DMSO_FBS_positive
B04,0.1_uM_Tg_FBS_positive,F1,Female,732070,CH1_R1,CH1_R1_F1_0.1_uM_Tg_FBS_positive
B05,0.1_uM_Tg_FBS_positive,F1,Female,732070,CH1_R1,CH1_R1_F1_0.1_uM_Tg_FBS_positive
B06,1_uM_Tg_FBS_positive,F1,Female,732070,CH1_R1,CH1_R1_F1_1_uM_Tg_FBS_positive
B07,1_uM_Tg_FBS_positive,F1,Female,732070,CH1_R1,CH1_R1_F1_1_uM_Tg_FBS_positive
B08,10_uM_Tg_FBS_positive,F1,Female,732070,CH1_R1,CH1_R1_F1_10_uM_Tg_FBS_positive
B09,10_uM_Tg_FBS_positive,F1,Female,732070,CH1_R1,CH1_R1_F1_10_uM_Tg_FBS_positive
B10,0.2_percent_DMSO_FBS_positive,F1,Female,732070,CH1_R1,CH1_R1_F1_0.2_percent_DMSO_FBS_positive
B11,0.2_percent_DMSO_FBS_positive,F1,Female,732070,CH1_R1,CH1_R1_F1_0.2_percent_DMSO_FBS_positive
B12,30nM_PERKi_FBS_positive,F1,Female,732070,CH1_R1,CH1_R1_F1_30nM_PERKi_FBS_positive
B13,30nM_PERKi_FBS_positive,F1,Female,732070,CH1_R1,CH1_R1_F1_30nM_PERKi_FBS_positive
B14,30nM_PERKi_1uM_Tg_FBS_positive,F1,Female,732070,CH1_R1,CH1_R1_F1_30nM_PERKi_1uM_Tg_FBS_positive
B15,30nM_PERKi_1uM_Tg_FBS_positive,F1,Female,732070,CH1_R1,CH1_R1_F1_30nM_PERKi_1uM_Tg_FBS_positive
B16,0.1_percent_DMSO_FBS_negative,F1,Female,732070,CH1_R1,CH1_R1_F1_0.1_percent_DMSO_FBS_negative
B17,0.1_percent_DMSO_FBS_negative,F1,Female,732070,CH1_R1,CH1_R1_F1_0.1_percent_DMSO_FBS_negative
B18,0.1_uM_Tg_FBS_negative,F1,Female,732070,CH1_R1,CH1_R1_F1_0.1_uM_Tg_FBS_negative
B19,0.1_uM_Tg_FBS_negative,F1,Female,732070,CH1_R1,CH1_R1_F1_0.1_uM_Tg_FBS_negative
B20,NA,NA,#N/A,#N/A,CH1_R1,NA
B21,NA,NA,#N/A,#N/A,CH1_R1,NA
B22,NA,NA,#N/A,#N/A,CH1_R1,NA
B23,NA,NA,#N/A,#N/A,CH1_R1,NA
C02,0.1_percent_DMSO_FBS_positive,F1,Female,732070,CH1_R1,CH1_R1_F1_0.1_percent_DMSO_FBS_positive
C03,0.1_percent_DMSO_FBS_positive,F1,Female,732070,CH1_R1,CH1_R1_F1_0.1_percent_DMSO_FBS_positive
C04,0.1_uM_Tg_FBS_positive,F1,Female,732070,CH1_R1,CH1_R1_F1_0.1_uM_Tg_FBS_positive
C05,0.1_uM_Tg_FBS_positive,F1,Female,732070,CH1_R1,CH1_R1_F1_0.1_uM_Tg_FBS_positive
C06,1_uM_Tg_FBS_positive,F1,Female,732070,CH1_R1,CH1_R1_F1_1_uM_Tg_FBS_positive
C07,1_uM_Tg_FBS_positive,F1,Female,732070,CH1_R1,CH1_R1_F1_1_uM_Tg_FBS_positive
C08,10_uM_Tg_FBS_positive,F1,Female,732070,CH1_R1,CH1_R1_F1_10_uM_Tg_FBS_positive
C09,10_uM_Tg_FBS_positive,F1,Female,732070,CH1_R1,CH1_R1_F1_10_uM_Tg_FBS_positive
C10,0.2_percent_DMSO_FBS_positive,F1,Female,732070,CH1_R1,CH1_R1_F1_0.2_percent_DMSO_FBS_positive
C11,0.2_percent_DMSO_FBS_positive,F1,Female,732070,CH1_R1,CH1_R1_F1_0.2_percent_DMSO_FBS_positive
C12,30nM_PERKi_FBS_positive,F1,Female,732070,CH1_R1,CH1_R1_F1_30nM_PERKi_FBS_positive
C13,30nM_PERKi_FBS_positive,F1,Female,732070,CH1_R1,CH1_R1_F1_30nM_PERKi_FBS_positive
C14,30nM_PERKi_1uM_Tg_FBS_positive,F1,Female,732070,CH1_R1,CH1_R1_F1_30nM_PERKi_1uM_Tg_FBS_positive
C15,30nM_PERKi_1uM_Tg_FBS_positive,F1,Female,732070,CH1_R1,CH1_R1_F1_30nM_PERKi_1uM_Tg_FBS_positive
C16,0.1_percent_DMSO_FBS_negative,F1,Female,732070,CH1_R1,CH1_R1_F1_0.1_percent_DMSO_FBS_negative
C17,0.1_percent_DMSO_FBS_negative,F1,Female,732070,CH1_R1,CH1_R1_F1_0.1_percent_DMSO_FBS_negative
C18,0.1_uM_Tg_FBS_negative,F1,Female,732070,CH1_R1,CH1_R1_F1_0.1_uM_Tg_FBS_negative
C19,0.1_uM_Tg_FBS_negative,F1,Female,732070,CH1_R1,CH1_R1_F1_0.1_uM_Tg_FBS_negative
C20,NA,NA,#N/A,#N/A,CH1_R1,NA
C21,NA,NA,#N/A,#N/A,CH1_R1,NA
C22,NA,NA,#N/A,#N/A,CH1_R1,NA
C23,NA,NA,#N/A,#N/A,CH1_R1,NA
D02,0.1_percent_DMSO_FBS_positive,F2,Female,732071,CH1_R1,CH1_R1_F2_0.1_percent_DMSO_FBS_positive
D03,0.1_percent_DMSO_FBS_positive,F2,Female,732071,CH1_R1,CH1_R1_F2_0.1_percent_DMSO_FBS_positive
D04,0.1_uM_Tg_FBS_positive,F2,Female,732071,CH1_R1,CH1_R1_F2_0.1_uM_Tg_FBS_positive
D05,0.1_uM_Tg_FBS_positive,F2,Female,732071,CH1_R1,CH1_R1_F2_0.1_uM_Tg_FBS_positive
D06,1_uM_Tg_FBS_positive,F2,Female,732071,CH1_R1,CH1_R1_F2_1_uM_Tg_FBS_positive
D07,1_uM_Tg_FBS_positive,F2,Female,732071,CH1_R1,CH1_R1_F2_1_uM_Tg_FBS_positive
D08,10_uM_Tg_FBS_positive,F2,Female,732071,CH1_R1,CH1_R1_F2_10_uM_Tg_FBS_positive
D09,10_uM_Tg_FBS_positive,F2,Female,732071,CH1_R1,CH1_R1_F2_10_uM_Tg_FBS_positive
D10,0.2_percent_DMSO_FBS_positive,F2,Female,732071,CH1_R1,CH1_R1_F2_0.2_percent_DMSO_FBS_positive
D11,0.2_percent_DMSO_FBS_positive,F2,Female,732071,CH1_R1,CH1_R1_F2_0.2_percent_DMSO_FBS_positive
D12,30nM_PERKi_FBS_positive,F2,Female,732071,CH1_R1,CH1_R1_F2_30nM_PERKi_FBS_positive
D13,30nM_PERKi_FBS_positive,F2,Female,732071,CH1_R1,CH1_R1_F2_30nM_PERKi_FBS_positive
D14,30nM_PERKi_1uM_Tg_FBS_positive,F2,Female,732071,CH1_R1,CH1_R1_F2_30nM_PERKi_1uM_Tg_FBS_positive
D15,30nM_PERKi_1uM_Tg_FBS_positive,F2,Female,732071,CH1_R1,CH1_R1_F2_30nM_PERKi_1uM_Tg_FBS_positive
D16,0.1_percent_DMSO_FBS_negative,F2,Female,732071,CH1_R1,CH1_R1_F2_0.1_percent_DMSO_FBS_negative
D17,0.1_percent_DMSO_FBS_negative,F2,Female,732071,CH1_R1,CH1_R1_F2_0.1_percent_DMSO_FBS_negative
D18,0.1_uM_Tg_FBS_negative,F2,Female,732071,CH1_R1,CH1_R1_F2_0.1_uM_Tg_FBS_negative
D19,0.1_uM_Tg_FBS_negative,F2,Female,732071,CH1_R1,CH1_R1_F2_0.1_uM_Tg_FBS_negative
D20,1_uM_Tg_FBS_negative,F2,Female,732071,CH1_R1,CH1_R1_F2_1_uM_Tg_FBS_negative
D21,1_uM_Tg_FBS_negative,F2,Female,732071,CH1_R1,CH1_R1_F2_1_uM_Tg_FBS_negative
D22,0.5_ug_per_mL_TM_FBS_positive,F2,Female,732071,CH1_R1,CH1_R1_F2_0.5_ug_per_mL_TM_FBS_positive
D23,5_ug_per_mL_TM_FBS_positive,F2,Female,732071,CH1_R1,CH1_R1_F2_5_ug_per_mL_TM_FBS_positive
E02,0.1_percent_DMSO_FBS_positive,F2,Female,732071,CH1_R1,CH1_R1_F2_0.1_percent_DMSO_FBS_positive
E03,0.1_percent_DMSO_FBS_positive,F2,Female,732071,CH1_R1,CH1_R1_F2_0.1_percent_DMSO_FBS_positive
E04,0.1_uM_Tg_FBS_positive,F2,Female,732071,CH1_R1,CH1_R1_F2_0.1_uM_Tg_FBS_positive
E05,0.1_uM_Tg_FBS_positive,F2,Female,732071,CH1_R1,CH1_R1_F2_0.1_uM_Tg_FBS_positive
E06,1_uM_Tg_FBS_positive,F2,Female,732071,CH1_R1,CH1_R1_F2_1_uM_Tg_FBS_positive
E07,1_uM_Tg_FBS_positive,F2,Female,732071,CH1_R1,CH1_R1_F2_1_uM_Tg_FBS_positive
E08,10_uM_Tg_FBS_positive,F2,Female,732071,CH1_R1,CH1_R1_F2_10_uM_Tg_FBS_positive
E09,10_uM_Tg_FBS_positive,F2,Female,732071,CH1_R1,CH1_R1_F2_10_uM_Tg_FBS_positive
E10,0.2_percent_DMSO_FBS_positive,F2,Female,732071,CH1_R1,CH1_R1_F2_0.2_percent_DMSO_FBS_positive
E11,0.2_percent_DMSO_FBS_positive,F2,Female,732071,CH1_R1,CH1_R1_F2_0.2_percent_DMSO_FBS_positive
E12,30nM_PERKi_FBS_positive,F2,Female,732071,CH1_R1,CH1_R1_F2_30nM_PERKi_FBS_positive
E13,30nM_PERKi_FBS_positive,F2,Female,732071,CH1_R1,CH1_R1_F2_30nM_PERKi_FBS_positive
E14,30nM_PERKi_1uM_Tg_FBS_positive,F2,Female,732071,CH1_R1,CH1_R1_F2_30nM_PERKi_1uM_Tg_FBS_positive
E15,30nM_PERKi_1uM_Tg_FBS_positive,F2,Female,732071,CH1_R1,CH1_R1_F2_30nM_PERKi_1uM_Tg_FBS_positive
E16,0.1_percent_DMSO_FBS_negative,F2,Female,732071,CH1_R1,CH1_R1_F2_0.1_percent_DMSO_FBS_negative
E17,0.1_percent_DMSO_FBS_negative,F2,Female,732071,CH1_R1,CH1_R1_F2_0.1_percent_DMSO_FBS_negative
E18,0.1_uM_Tg_FBS_negative,F2,Female,732071,CH1_R1,CH1_R1_F2_0.1_uM_Tg_FBS_negative
E19,0.1_uM_Tg_FBS_negative,F2,Female,732071,CH1_R1,CH1_R1_F2_0.1_uM_Tg_FBS_negative
E20,1_uM_Tg_FBS_negative,F2,Female,732071,CH1_R1,CH1_R1_F2_1_uM_Tg_FBS_negative
E21,1_uM_Tg_FBS_negative,F2,Female,732071,CH1_R1,CH1_R1_F2_1_uM_Tg_FBS_negative
E22,0.5_ug_per_mL_TM_FBS_positive,F2,Female,732071,CH1_R1,CH1_R1_F2_0.5_ug_per_mL_TM_FBS_positive
E23,5_ug_per_mL_TM_FBS_positive,F2,Female,732071,CH1_R1,CH1_R1_F2_5_ug_per_mL_TM_FBS_positive
F02,0.1_percent_DMSO_FBS_positive,F3,Female,732072,CH1_R1,CH1_R1_F3_0.1_percent_DMSO_FBS_positive
F03,0.1_percent_DMSO_FBS_positive,F3,Female,732072,CH1_R1,CH1_R1_F3_0.1_percent_DMSO_FBS_positive
F04,0.1_uM_Tg_FBS_positive,F3,Female,732072,CH1_R1,CH1_R1_F3_0.1_uM_Tg_FBS_positive
F05,0.1_uM_Tg_FBS_positive,F3,Female,732072,CH1_R1,CH1_R1_F3_0.1_uM_Tg_FBS_positive
F06,1_uM_Tg_FBS_positive,F3,Female,732072,CH1_R1,CH1_R1_F3_1_uM_Tg_FBS_positive
F07,1_uM_Tg_FBS_positive,F3,Female,732072,CH1_R1,CH1_R1_F3_1_uM_Tg_FBS_positive
F08,10_uM_Tg_FBS_positive,F3,Female,732072,CH1_R1,CH1_R1_F3_10_uM_Tg_FBS_positive
F09,10_uM_Tg_FBS_positive,F3,Female,732072,CH1_R1,CH1_R1_F3_10_uM_Tg_FBS_positive
F10,0.2_percent_DMSO_FBS_positive,F3,Female,732072,CH1_R1,CH1_R1_F3_0.2_percent_DMSO_FBS_positive
F11,0.2_percent_DMSO_FBS_positive,F3,Female,732072,CH1_R1,CH1_R1_F3_0.2_percent_DMSO_FBS_positive
F12,30nM_PERKi_FBS_positive,F3,Female,732072,CH1_R1,CH1_R1_F3_30nM_PERKi_FBS_positive
F13,30nM_PERKi_FBS_positive,F3,Female,732072,CH1_R1,CH1_R1_F3_30nM_PERKi_FBS_positive
F14,30nM_PERKi_1uM_Tg_FBS_positive,F3,Female,732072,CH1_R1,CH1_R1_F3_30nM_PERKi_1uM_Tg_FBS_positive
F15,30nM_PERKi_1uM_Tg_FBS_positive,F3,Female,732072,CH1_R1,CH1_R1_F3_30nM_PERKi_1uM_Tg_FBS_positive
F16,0.1_percent_DMSO_FBS_negative,F3,Female,732072,CH1_R1,CH1_R1_F3_0.1_percent_DMSO_FBS_negative
F17,0.1_percent_DMSO_FBS_negative,F3,Female,732072,CH1_R1,CH1_R1_F3_0.1_percent_DMSO_FBS_negative
F18,0.1_uM_Tg_FBS_negative,F3,Female,732072,CH1_R1,CH1_R1_F3_0.1_uM_Tg_FBS_negative
F19,0.1_uM_Tg_FBS_negative,F3,Female,732072,CH1_R1,CH1_R1_F3_0.1_uM_Tg_FBS_negative
F20,NA,NA,#N/A,#N/A,CH1_R1,NA
F21,NA,NA,#N/A,#N/A,CH1_R1,NA
F22,NA,NA,#N/A,#N/A,CH1_R1,NA
F23,NA,NA,#N/A,#N/A,CH1_R1,NA
G02,0.1_percent_DMSO_FBS_positive,F3,Female,732072,CH1_R1,CH1_R1_F3_0.1_percent_DMSO_FBS_positive
G03,0.1_percent_DMSO_FBS_positive,F3,Female,732072,CH1_R1,CH1_R1_F3_0.1_percent_DMSO_FBS_positive
G04,0.1_uM_Tg_FBS_positive,F3,Female,732072,CH1_R1,CH1_R1_F3_0.1_uM_Tg_FBS_positive
G05,0.1_uM_Tg_FBS_positive,F3,Female,732072,CH1_R1,CH1_R1_F3_0.1_uM_Tg_FBS_positive
G06,1_uM_Tg_FBS_positive,F3,Female,732072,CH1_R1,CH1_R1_F3_1_uM_Tg_FBS_positive
G07,1_uM_Tg_FBS_positive,F3,Female,732072,CH1_R1,CH1_R1_F3_1_uM_Tg_FBS_positive
G08,10_uM_Tg_FBS_positive,F3,Female,732072,CH1_R1,CH1_R1_F3_10_uM_Tg_FBS_positive
G09,10_uM_Tg_FBS_positive,F3,Female,732072,CH1_R1,CH1_R1_F3_10_uM_Tg_FBS_positive
G10,0.2_percent_DMSO_FBS_positive,F3,Female,732072,CH1_R1,CH1_R1_F3_0.2_percent_DMSO_FBS_positive
G11,0.2_percent_DMSO_FBS_positive,F3,Female,732072,CH1_R1,CH1_R1_F3_0.2_percent_DMSO_FBS_positive
G12,30nM_PERKi_FBS_positive,F3,Female,732072,CH1_R1,CH1_R1_F3_30nM_PERKi_FBS_positive
G13,30nM_PERKi_FBS_positive,F3,Female,732072,CH1_R1,CH1_R1_F3_30nM_PERKi_FBS_positive
G14,30nM_PERKi_1uM_Tg_FBS_positive,F3,Female,732072,CH1_R1,CH1_R1_F3_30nM_PERKi_1uM_Tg_FBS_positive
G15,30nM_PERKi_1uM_Tg_FBS_positive,F3,Female,732072,CH1_R1,CH1_R1_F3_30nM_PERKi_1uM_Tg_FBS_positive
G16,0.1_percent_DMSO_FBS_negative,F3,Female,732072,CH1_R1,CH1_R1_F3_0.1_percent_DMSO_FBS_negative
G17,0.1_percent_DMSO_FBS_negative,F3,Female,732072,CH1_R1,CH1_R1_F3_0.1_percent_DMSO_FBS_negative
G18,0.1_uM_Tg_FBS_negative,F3,Female,732072,CH1_R1,CH1_R1_F3_0.1_uM_Tg_FBS_negative
G19,NA,NA,#N/A,#N/A,CH1_R1,NA
G20,NA,NA,#N/A,#N/A,CH1_R1,NA
G21,NA,NA,#N/A,#N/A,CH1_R1,NA
G22,NA,NA,#N/A,#N/A,CH1_R1,NA
G23,NA,NA,#N/A,#N/A,CH1_R1,NA
H02,0.1_percent_DMSO_FBS_positive,M1,Male,732073,CH1_R1,CH1_R1_M1_0.1_percent_DMSO_FBS_positive
H03,0.1_percent_DMSO_FBS_positive,M1,Male,732073,CH1_R1,CH1_R1_M1_0.1_percent_DMSO_FBS_positive
H04,0.1_uM_Tg_FBS_positive,M1,Male,732073,CH1_R1,CH1_R1_M1_0.1_uM_Tg_FBS_positive
H05,0.1_uM_Tg_FBS_positive,M1,Male,732073,CH1_R1,CH1_R1_M1_0.1_uM_Tg_FBS_positive
H06,1_uM_Tg_FBS_positive,M1,Male,732073,CH1_R1,CH1_R1_M1_1_uM_Tg_FBS_positive
H07,1_uM_Tg_FBS_positive,M1,Male,732073,CH1_R1,CH1_R1_M1_1_uM_Tg_FBS_positive
H08,10_uM_Tg_FBS_positive,M1,Male,732073,CH1_R1,CH1_R1_M1_10_uM_Tg_FBS_positive
H09,10_uM_Tg_FBS_positive,M1,Male,732073,CH1_R1,CH1_R1_M1_10_uM_Tg_FBS_positive
H10,0.2_percent_DMSO_FBS_positive,M1,Male,732073,CH1_R1,CH1_R1_M1_0.2_percent_DMSO_FBS_positive
H11,0.2_percent_DMSO_FBS_positive,M1,Male,732073,CH1_R1,CH1_R1_M1_0.2_percent_DMSO_FBS_positive
H12,30nM_PERKi_FBS_positive,M1,Male,732073,CH1_R1,CH1_R1_M1_30nM_PERKi_FBS_positive
H13,30nM_PERKi_FBS_positive,M1,Male,732073,CH1_R1,CH1_R1_M1_30nM_PERKi_FBS_positive
H14,30nM_PERKi_1uM_Tg_FBS_positive,M1,Male,732073,CH1_R1,CH1_R1_M1_30nM_PERKi_1uM_Tg_FBS_positive
H15,30nM_PERKi_1uM_Tg_FBS_positive,M1,Male,732073,CH1_R1,CH1_R1_M1_30nM_PERKi_1uM_Tg_FBS_positive
H16,0.1_percent_DMSO_FBS_negative,M1,Male,732073,CH1_R1,CH1_R1_M1_0.1_percent_DMSO_FBS_negative
H17,0.1_percent_DMSO_FBS_negative,M1,Male,732073,CH1_R1,CH1_R1_M1_0.1_percent_DMSO_FBS_negative
H18,0.1_uM_Tg_FBS_negative,M1,Male,732073,CH1_R1,CH1_R1_M1_0.1_uM_Tg_FBS_negative
H19,0.1_uM_Tg_FBS_negative,M1,Male,732073,CH1_R1,CH1_R1_M1_0.1_uM_Tg_FBS_negative
H20,1_uM_Tg_FBS_negative,M1,Male,732073,CH1_R1,CH1_R1_M1_1_uM_Tg_FBS_negative
H21,1_uM_Tg_FBS_negative,M1,Male,732073,CH1_R1,CH1_R1_M1_1_uM_Tg_FBS_negative
H22,0.5_ug_per_mL_TM_FBS_positive,M1,Male,732073,CH1_R1,CH1_R1_M1_0.5_ug_per_mL_TM_FBS_positive
H23,5_ug_per_mL_TM_FBS_positive,M1,Male,732073,CH1_R1,CH1_R1_M1_5_ug_per_mL_TM_FBS_positive
I02,0.1_percent_DMSO_FBS_positive,M1,Male,732073,CH1_R1,CH1_R1_M1_0.1_percent_DMSO_FBS_positive
I03,0.1_percent_DMSO_FBS_positive,M1,Male,732073,CH1_R1,CH1_R1_M1_0.1_percent_DMSO_FBS_positive
I04,0.1_uM_Tg_FBS_positive,M1,Male,732073,CH1_R1,CH1_R1_M1_0.1_uM_Tg_FBS_positive
I05,0.1_uM_Tg_FBS_positive,M1,Male,732073,CH1_R1,CH1_R1_M1_0.1_uM_Tg_FBS_positive
I06,1_uM_Tg_FBS_positive,M1,Male,732073,CH1_R1,CH1_R1_M1_1_uM_Tg_FBS_positive
I07,1_uM_Tg_FBS_positive,M1,Male,732073,CH1_R1,CH1_R1_M1_1_uM_Tg_FBS_positive
I08,10_uM_Tg_FBS_positive,M1,Male,732073,CH1_R1,CH1_R1_M1_10_uM_Tg_FBS_positive
I09,10_uM_Tg_FBS_positive,M1,Male,732073,CH1_R1,CH1_R1_M1_10_uM_Tg_FBS_positive
I10,0.2_percent_DMSO_FBS_positive,M1,Male,732073,CH1_R1,CH1_R1_M1_0.2_percent_DMSO_FBS_positive
I11,0.2_percent_DMSO_FBS_positive,M1,Male,732073,CH1_R1,CH1_R1_M1_0.2_percent_DMSO_FBS_positive
I12,30nM_PERKi_FBS_positive,M1,Male,732073,CH1_R1,CH1_R1_M1_30nM_PERKi_FBS_positive
I13,30nM_PERKi_FBS_positive,M1,Male,732073,CH1_R1,CH1_R1_M1_30nM_PERKi_FBS_positive
I14,30nM_PERKi_1uM_Tg_FBS_positive,M1,Male,732073,CH1_R1,CH1_R1_M1_30nM_PERKi_1uM_Tg_FBS_positive
I15,30nM_PERKi_1uM_Tg_FBS_positive,M1,Male,732073,CH1_R1,CH1_R1_M1_30nM_PERKi_1uM_Tg_FBS_positive
I16,0.1_percent_DMSO_FBS_negative,M1,Male,732073,CH1_R1,CH1_R1_M1_0.1_percent_DMSO_FBS_negative
I17,0.1_percent_DMSO_FBS_negative,M1,Male,732073,CH1_R1,CH1_R1_M1_0.1_percent_DMSO_FBS_negative
I18,0.1_uM_Tg_FBS_negative,M1,Male,732073,CH1_R1,CH1_R1_M1_0.1_uM_Tg_FBS_negative
I19,0.1_uM_Tg_FBS_negative,M1,Male,732073,CH1_R1,CH1_R1_M1_0.1_uM_Tg_FBS_negative
I20,1_uM_Tg_FBS_negative,M1,Male,732073,CH1_R1,CH1_R1_M1_1_uM_Tg_FBS_negative
I21,1_uM_Tg_FBS_negative,M1,Male,732073,CH1_R1,CH1_R1_M1_1_uM_Tg_FBS_negative
I22,0.5_ug_per_mL_TM_FBS_positive,M1,Male,732073,CH1_R1,CH1_R1_M1_0.5_ug_per_mL_TM_FBS_positive
I23,5_ug_per_mL_TM_FBS_positive,M1,Male,732073,CH1_R1,CH1_R1_M1_5_ug_per_mL_TM_FBS_positive
J02,0.1_percent_DMSO_FBS_positive,M2,Male,732074,CH1_R1,CH1_R1_M2_0.1_percent_DMSO_FBS_positive
J03,0.1_percent_DMSO_FBS_positive,M2,Male,732074,CH1_R1,CH1_R1_M2_0.1_percent_DMSO_FBS_positive
J04,0.1_uM_Tg_FBS_positive,M2,Male,732074,CH1_R1,CH1_R1_M2_0.1_uM_Tg_FBS_positive
J05,0.1_uM_Tg_FBS_positive,M2,Male,732074,CH1_R1,CH1_R1_M2_0.1_uM_Tg_FBS_positive
J06,1_uM_Tg_FBS_positive,M2,Male,732074,CH1_R1,CH1_R1_M2_1_uM_Tg_FBS_positive
J07,1_uM_Tg_FBS_positive,M2,Male,732074,CH1_R1,CH1_R1_M2_1_uM_Tg_FBS_positive
J08,10_uM_Tg_FBS_positive,M2,Male,732074,CH1_R1,CH1_R1_M2_10_uM_Tg_FBS_positive
J09,10_uM_Tg_FBS_positive,M2,Male,732074,CH1_R1,CH1_R1_M2_10_uM_Tg_FBS_positive
J10,0.2_percent_DMSO_FBS_positive,M2,Male,732074,CH1_R1,CH1_R1_M2_0.2_percent_DMSO_FBS_positive
J11,0.2_percent_DMSO_FBS_positive,M2,Male,732074,CH1_R1,CH1_R1_M2_0.2_percent_DMSO_FBS_positive
J12,30nM_PERKi_FBS_positive,M2,Male,732074,CH1_R1,CH1_R1_M2_30nM_PERKi_FBS_positive
J13,30nM_PERKi_FBS_positive,M2,Male,732074,CH1_R1,CH1_R1_M2_30nM_PERKi_FBS_positive
J14,30nM_PERKi_1uM_Tg_FBS_positive,M2,Male,732074,CH1_R1,CH1_R1_M2_30nM_PERKi_1uM_Tg_FBS_positive
J15,30nM_PERKi_1uM_Tg_FBS_positive,M2,Male,732074,CH1_R1,CH1_R1_M2_30nM_PERKi_1uM_Tg_FBS_positive
J16,0.1_percent_DMSO_FBS_negative,M2,Male,732074,CH1_R1,CH1_R1_M2_0.1_percent_DMSO_FBS_negative
J17,0.1_percent_DMSO_FBS_negative,M2,Male,732074,CH1_R1,CH1_R1_M2_0.1_percent_DMSO_FBS_negative
J18,0.1_uM_Tg_FBS_negative,M2,Male,732074,CH1_R1,CH1_R1_M2_0.1_uM_Tg_FBS_negative
J19,0.1_uM_Tg_FBS_negative,M2,Male,732074,CH1_R1,CH1_R1_M2_0.1_uM_Tg_FBS_negative
J20,1_uM_Tg_FBS_negative,M2,Male,732074,CH1_R1,CH1_R1_M2_1_uM_Tg_FBS_negative
J21,1_uM_Tg_FBS_negative,M2,Male,732074,CH1_R1,CH1_R1_M2_1_uM_Tg_FBS_negative
J22,0.5_ug_per_mL_TM_FBS_positive,M2,Male,732074,CH1_R1,CH1_R1_M2_0.5_ug_per_mL_TM_FBS_positive
J23,5_ug_per_mL_TM_FBS_positive,M2,Male,732074,CH1_R1,CH1_R1_M2_5_ug_per_mL_TM_FBS_positive
K02,0.1_percent_DMSO_FBS_positive,M2,Male,732074,CH1_R1,CH1_R1_M2_0.1_percent_DMSO_FBS_positive
K03,0.1_percent_DMSO_FBS_positive,M2,Male,732074,CH1_R1,CH1_R1_M2_0.1_percent_DMSO_FBS_positive
K04,0.1_uM_Tg_FBS_positive,M2,Male,732074,CH1_R1,CH1_R1_M2_0.1_uM_Tg_FBS_positive
K05,0.1_uM_Tg_FBS_positive,M2,Male,732074,CH1_R1,CH1_R1_M2_0.1_uM_Tg_FBS_positive
K06,1_uM_Tg_FBS_positive,M2,Male,732074,CH1_R1,CH1_R1_M2_1_uM_Tg_FBS_positive
K07,1_uM_Tg_FBS_positive,M2,Male,732074,CH1_R1,CH1_R1_M2_1_uM_Tg_FBS_positive
K08,10_uM_Tg_FBS_positive,M2,Male,732074,CH1_R1,CH1_R1_M2_10_uM_Tg_FBS_positive
K09,10_uM_Tg_FBS_positive,M2,Male,732074,CH1_R1,CH1_R1_M2_10_uM_Tg_FBS_positive
K10,0.2_percent_DMSO_FBS_positive,M2,Male,732074,CH1_R1,CH1_R1_M2_0.2_percent_DMSO_FBS_positive
K11,0.2_percent_DMSO_FBS_positive,M2,Male,732074,CH1_R1,CH1_R1_M2_0.2_percent_DMSO_FBS_positive
K12,30nM_PERKi_FBS_positive,M2,Male,732074,CH1_R1,CH1_R1_M2_30nM_PERKi_FBS_positive
K13,30nM_PERKi_FBS_positive,M2,Male,732074,CH1_R1,CH1_R1_M2_30nM_PERKi_FBS_positive
K14,30nM_PERKi_1uM_Tg_FBS_positive,M2,Male,732074,CH1_R1,CH1_R1_M2_30nM_PERKi_1uM_Tg_FBS_positive
K15,30nM_PERKi_1uM_Tg_FBS_positive,M2,Male,732074,CH1_R1,CH1_R1_M2_30nM_PERKi_1uM_Tg_FBS_positive
K16,0.1_percent_DMSO_FBS_negative,M2,Male,732074,CH1_R1,CH1_R1_M2_0.1_percent_DMSO_FBS_negative
K17,0.1_percent_DMSO_FBS_negative,M2,Male,732074,CH1_R1,CH1_R1_M2_0.1_percent_DMSO_FBS_negative
K18,0.1_uM_Tg_FBS_negative,M2,Male,732074,CH1_R1,CH1_R1_M2_0.1_uM_Tg_FBS_negative
K19,0.1_uM_Tg_FBS_negative,M2,Male,732074,CH1_R1,CH1_R1_M2_0.1_uM_Tg_FBS_negative
K20,1_uM_Tg_FBS_negative,M2,Male,732074,CH1_R1,CH1_R1_M2_1_uM_Tg_FBS_negative
K21,1_uM_Tg_FBS_negative,M2,Male,732074,CH1_R1,CH1_R1_M2_1_uM_Tg_FBS_negative
K22,0.5_ug_per_mL_TM_FBS_positive,M2,Male,732074,CH1_R1,CH1_R1_M2_0.5_ug_per_mL_TM_FBS_positive
K23,5_ug_per_mL_TM_FBS_positive,M2,Male,732074,CH1_R1,CH1_R1_M2_5_ug_per_mL_TM_FBS_positive
L02,0.1_percent_DMSO_FBS_positive,M3,Male,732075,CH1_R1,CH1_R1_M3_0.1_percent_DMSO_FBS_positive
L03,0.1_percent_DMSO_FBS_positive,M3,Male,732075,CH1_R1,CH1_R1_M3_0.1_percent_DMSO_FBS_positive
L04,0.1_uM_Tg_FBS_positive,M3,Male,732075,CH1_R1,CH1_R1_M3_0.1_uM_Tg_FBS_positive
L05,0.1_uM_Tg_FBS_positive,M3,Male,732075,CH1_R1,CH1_R1_M3_0.1_uM_Tg_FBS_positive
L06,1_uM_Tg_FBS_positive,M3,Male,732075,CH1_R1,CH1_R1_M3_1_uM_Tg_FBS_positive
L07,1_uM_Tg_FBS_positive,M3,Male,732075,CH1_R1,CH1_R1_M3_1_uM_Tg_FBS_positive
L08,10_uM_Tg_FBS_positive,M3,Male,732075,CH1_R1,CH1_R1_M3_10_uM_Tg_FBS_positive
L09,10_uM_Tg_FBS_positive,M3,Male,732075,CH1_R1,CH1_R1_M3_10_uM_Tg_FBS_positive
L10,0.2_percent_DMSO_FBS_positive,M3,Male,732075,CH1_R1,CH1_R1_M3_0.2_percent_DMSO_FBS_positive
L11,0.2_percent_DMSO_FBS_positive,M3,Male,732075,CH1_R1,CH1_R1_M3_0.2_percent_DMSO_FBS_positive
L12,30nM_PERKi_FBS_positive,M3,Male,732075,CH1_R1,CH1_R1_M3_30nM_PERKi_FBS_positive
L13,30nM_PERKi_FBS_positive,M3,Male,732075,CH1_R1,CH1_R1_M3_30nM_PERKi_FBS_positive
L14,30nM_PERKi_1uM_Tg_FBS_positive,M3,Male,732075,CH1_R1,CH1_R1_M3_30nM_PERKi_1uM_Tg_FBS_positive
L15,30nM_PERKi_1uM_Tg_FBS_positive,M3,Male,732075,CH1_R1,CH1_R1_M3_30nM_PERKi_1uM_Tg_FBS_positive
L16,0.1_percent_DMSO_FBS_negative,M3,Male,732075,CH1_R1,CH1_R1_M3_0.1_percent_DMSO_FBS_negative
L17,0.1_percent_DMSO_FBS_negative,M3,Male,732075,CH1_R1,CH1_R1_M3_0.1_percent_DMSO_FBS_negative
L18,0.1_uM_Tg_FBS_negative,M3,Male,732075,CH1_R1,CH1_R1_M3_0.1_uM_Tg_FBS_negative
L19,0.1_uM_Tg_FBS_negative,M3,Male,732075,CH1_R1,CH1_R1_M3_0.1_uM_Tg_FBS_negative
L20,1_uM_Tg_FBS_negative,M3,Male,732075,CH1_R1,CH1_R1_M3_1_uM_Tg_FBS_negative
L21,1_uM_Tg_FBS_negative,M3,Male,732075,CH1_R1,CH1_R1_M3_1_uM_Tg_FBS_negative
L22,0.5_ug_per_mL_TM_FBS_positive,M3,Male,732075,CH1_R1,CH1_R1_M3_0.5_ug_per_mL_TM_FBS_positive
L23,5_ug_per_mL_TM_FBS_positive,M3,Male,732075,CH1_R1,CH1_R1_M3_5_ug_per_mL_TM_FBS_positive
M02,0.1_percent_DMSO_FBS_positive,M3,Male,732075,CH1_R1,CH1_R1_M3_0.1_percent_DMSO_FBS_positive
M03,0.1_percent_DMSO_FBS_positive,M3,Male,732075,CH1_R1,CH1_R1_M3_0.1_percent_DMSO_FBS_positive
M04,0.1_uM_Tg_FBS_positive,M3,Male,732075,CH1_R1,CH1_R1_M3_0.1_uM_Tg_FBS_positive
M05,0.1_uM_Tg_FBS_positive,M3,Male,732075,CH1_R1,CH1_R1_M3_0.1_uM_Tg_FBS_positive
M06,1_uM_Tg_FBS_positive,M3,Male,732075,CH1_R1,CH1_R1_M3_1_uM_Tg_FBS_positive
M07,1_uM_Tg_FBS_positive,M3,Male,732075,CH1_R1,CH1_R1_M3_1_uM_Tg_FBS_positive
M08,10_uM_Tg_FBS_positive,M3,Male,732075,CH1_R1,CH1_R1_M3_10_uM_Tg_FBS_positive
M09,10_uM_Tg_FBS_positive,M3,Male,732075,CH1_R1,CH1_R1_M3_10_uM_Tg_FBS_positive
M10,0.2_percent_DMSO_FBS_positive,M3,Male,732075,CH1_R1,CH1_R1_M3_0.2_percent_DMSO_FBS_positive
M11,0.2_percent_DMSO_FBS_positive,M3,Male,732075,CH1_R1,CH1_R1_M3_0.2_percent_DMSO_FBS_positive
M12,30nM_PERKi_FBS_positive,M3,Male,732075,CH1_R1,CH1_R1_M3_30nM_PERKi_FBS_positive
M13,30nM_PERKi_FBS_positive,M3,Male,732075,CH1_R1,CH1_R1_M3_30nM_PERKi_FBS_positive
M14,30nM_PERKi_1uM_Tg_FBS_positive,M3,Male,732075,CH1_R1,CH1_R1_M3_30nM_PERKi_1uM_Tg_FBS_positive
M15,30nM_PERKi_1uM_Tg_FBS_positive,M3,Male,732075,CH1_R1,CH1_R1_M3_30nM_PERKi_1uM_Tg_FBS_positive
M16,0.1_percent_DMSO_FBS_negative,M3,Male,732075,CH1_R1,CH1_R1_M3_0.1_percent_DMSO_FBS_negative
M17,0.1_percent_DMSO_FBS_negative,M3,Male,732075,CH1_R1,CH1_R1_M3_0.1_percent_DMSO_FBS_negative
M18,0.1_uM_Tg_FBS_negative,M3,Male,732075,CH1_R1,CH1_R1_M3_0.1_uM_Tg_FBS_negative
M19,0.1_uM_Tg_FBS_negative,M3,Male,732075,CH1_R1,CH1_R1_M3_0.1_uM_Tg_FBS_negative
M20,1_uM_Tg_FBS_negative,M3,Male,732075,CH1_R1,CH1_R1_M3_1_uM_Tg_FBS_negative
M21,1_uM_Tg_FBS_negative,M3,Male,732075,CH1_R1,CH1_R1_M3_1_uM_Tg_FBS_negative
M22,0.5_ug_per_mL_TM_FBS_positive,M3,Male,732075,CH1_R1,CH1_R1_M3_0.5_ug_per_mL_TM_FBS_positive
M23,5_ug_per_mL_TM_FBS_positive,M3,Male,732075,CH1_R1,CH1_R1_M3_5_ug_per_mL_TM_FBS_positive
N02,60nM_PERKi_FBS_positive,M3,Male,732075,CH1_R1,CH1_R1_M3_60nM_PERKi_FBS_positive
N03,60nM_PERKi_FBS_positive,M3,Male,732075,CH1_R1,CH1_R1_M3_60nM_PERKi_FBS_positive
N04,60nM_PERKi_FBS_positive,M3,Male,732075,CH1_R1,CH1_R1_M3_60nM_PERKi_FBS_positive
N05,60nM_PERKi_FBS_positive,M3,Male,732075,CH1_R1,CH1_R1_M3_60nM_PERKi_FBS_positive
N06,60nM_PERKi_1uM_Tg_FBS_positive,M3,Male,732075,CH1_R1,CH1_R1_M3_60nM_PERKi_1uM_Tg_FBS_positive
N07,60nM_PERKi_1uM_Tg_FBS_positive,M3,Male,732075,CH1_R1,CH1_R1_M3_60nM_PERKi_1uM_Tg_FBS_positive
N08,60nM_PERKi_1uM_Tg_FBS_positive,M3,Male,732075,CH1_R1,CH1_R1_M3_60nM_PERKi_1uM_Tg_FBS_positive
N09,60nM_PERKi_1uM_Tg_FBS_positive,M3,Male,732075,CH1_R1,CH1_R1_M3_60nM_PERKi_1uM_Tg_FBS_positive
N10,0.1uM_Tg_test,M3,Male,732075,CH1_R1,CH1_R1_M3_0.1uM_Tg_test
N11,0.1uM_Tg_test,M3,Male,732075,CH1_R1,CH1_R1_M3_0.1uM_Tg_test
N12,0.1uM_Tg_test,M3,Male,732075,CH1_R1,CH1_R1_M3_0.1uM_Tg_test
N13,10uM_neat,M3,Male,732075,CH1_R1,CH1_R1_M3_10uM_neat
N14,10uM_neat,M3,Male,732075,CH1_R1,CH1_R1_M3_10uM_neat
N15,10uM_neat,M3,Male,732075,CH1_R1,CH1_R1_M3_10uM_neat
N16,NA,NA,#N/A,#N/A,CH1_R1,NA
N17,NA,NA,#N/A,#N/A,CH1_R1,NA
N18,FBS_negative_islet,WT islet,#N/A,#N/A,CH1_R1,CH1_R1_WT islet_FBS_negative_islet
N19,FBS_negative_islet,WT islet,#N/A,#N/A,CH1_R1,CH1_R1_WT islet_FBS_negative_islet
N20,FBS_positive_islet,WT islet,#N/A,#N/A,CH1_R1,CH1_R1_WT islet_FBS_positive_islet
N21,FBS_positive_islet,WT islet,#N/A,#N/A,CH1_R1,CH1_R1_WT islet_FBS_positive_islet
N22,1_percent_DMSO_FBS_positive,M2,Male,732074,CH1_R1,CH1_R1_M2_1_percent_DMSO_FBS_positive
N23,1_percent_DMSO_FBS_positive,M2,Male,732074,CH1_R1,CH1_R1_M2_1_percent_DMSO_FBS_positive
O02,wt_0.1_percent_DMSO_FBS_positive,WT,#N/A,#N/A,CH1_R1,CH1_R1_WT_wt_0.1_percent_DMSO_FBS_positive
O03,wt_0.1_percent_DMSO_FBS_positive,WT,#N/A,#N/A,CH1_R1,CH1_R1_WT_wt_0.1_percent_DMSO_FBS_positive
O04,wt_0.1_uM_Tg_FBS_positive,WT,#N/A,#N/A,CH1_R1,CH1_R1_WT_wt_0.1_uM_Tg_FBS_positive
O05,wt_0.1_uM_Tg_FBS_positive,WT,#N/A,#N/A,CH1_R1,CH1_R1_WT_wt_0.1_uM_Tg_FBS_positive
O06,wt_1_uM_Tg_FBS_positive,WT,#N/A,#N/A,CH1_R1,CH1_R1_WT_wt_1_uM_Tg_FBS_positive
O07,wt_1_uM_Tg_FBS_positive,WT,#N/A,#N/A,CH1_R1,CH1_R1_WT_wt_1_uM_Tg_FBS_positive
O08,wt_0.2_percent_DMSO_FBS_positive,WT,#N/A,#N/A,CH1_R1,CH1_R1_WT_wt_0.2_percent_DMSO_FBS_positive
O09,wt_0.2_percent_DMSO_FBS_positive,WT,#N/A,#N/A,CH1_R1,CH1_R1_WT_wt_0.2_percent_DMSO_FBS_positive
O10,wt_1_percent_DMSO_FBS_positive,WT,#N/A,#N/A,CH1_R1,CH1_R1_WT_wt_1_percent_DMSO_FBS_positive
O11,wt_1_percent_DMSO_FBS_positive,WT,#N/A,#N/A,CH1_R1,CH1_R1_WT_wt_1_percent_DMSO_FBS_positive
O12,wt_10_uM_Tg_FBS_positive,WT,#N/A,#N/A,CH1_R1,CH1_R1_WT_wt_10_uM_Tg_FBS_positive
O13,wt_10_uM_Tg_FBS_positive,WT,#N/A,#N/A,CH1_R1,CH1_R1_WT_wt_10_uM_Tg_FBS_positive
O14,wt_10_uM_Tg_FBS_positive,WT,#N/A,#N/A,CH1_R1,CH1_R1_WT_wt_10_uM_Tg_FBS_positive
O15,NA,NA,#N/A,#N/A,CH1_R1,NA
O16,NA,M1,Male,732073,CH1_R1,NA
O17,NA,M1,Male,732073,CH1_R1,NA
O18,NA,M1,Male,732073,CH1_R1,NA
O19,NA,M1,Male,732073,CH1_R1,NA
O20,1_percent_DMSO_FBS_positive,F2,Female,732071,CH1_R1,CH1_R1_F2_1_percent_DMSO_FBS_positive
O21,1_percent_DMSO_FBS_positive,F2,Female,732071,CH1_R1,CH1_R1_F2_1_percent_DMSO_FBS_positive
O22,1_percent_DMSO_FBS_positive,F2,Female,732071,CH1_R1,CH1_R1_F2_1_percent_DMSO_FBS_positive
O23,1_percent_DMSO_FBS_positive,F2,Female,732071,CH1_R1,CH1_R1_F2_1_percent_DMSO_FBS_positive
B02,0.1_percent_DMSO_FBS_positive,F1,Female,734452,CH1_R2,CH1_R2_F1_0.1_percent_DMSO_FBS_positive
B03,0.1_percent_DMSO_FBS_positive,F1,Female,734452,CH1_R2,CH1_R2_F1_0.1_percent_DMSO_FBS_positive
B04,0.1_uM_Tg_FBS_positive,F1,Female,734452,CH1_R2,CH1_R2_F1_0.1_uM_Tg_FBS_positive
B05,0.1_uM_Tg_FBS_positive,F1,Female,734452,CH1_R2,CH1_R2_F1_0.1_uM_Tg_FBS_positive
B06,1_uM_Tg_FBS_positive,F1,Female,734452,CH1_R2,CH1_R2_F1_1_uM_Tg_FBS_positive
B07,1_uM_Tg_FBS_positive,F1,Female,734452,CH1_R2,CH1_R2_F1_1_uM_Tg_FBS_positive
B08,10_uM_Tg_FBS_positive,F1,Female,734452,CH1_R2,CH1_R2_F1_10_uM_Tg_FBS_positive
B09,10_uM_Tg_FBS_positive,F1,Female,734452,CH1_R2,CH1_R2_F1_10_uM_Tg_FBS_positive
B10,0.2_percent_DMSO_FBS_positive,F1,Female,734452,CH1_R2,CH1_R2_F1_0.2_percent_DMSO_FBS_positive
B11,0.2_percent_DMSO_FBS_positive,F1,Female,734452,CH1_R2,CH1_R2_F1_0.2_percent_DMSO_FBS_positive
B12,0.1_percent_DMSO_FBS_negative,F1,Female,734452,CH1_R2,CH1_R2_F1_0.1_percent_DMSO_FBS_negative
B13,0.1_percent_DMSO_FBS_negative,F1,Female,734452,CH1_R2,CH1_R2_F1_0.1_percent_DMSO_FBS_negative
B14,0.1_uM_Tg_FBS_negative,F1,Female,734452,CH1_R2,CH1_R2_F1_0.1_uM_Tg_FBS_negative
B15,0.1_uM_Tg_FBS_negative,F1,Female,734452,CH1_R2,CH1_R2_F1_0.1_uM_Tg_FBS_negative
B16,1_uM_Tg_FBS_negative,F1,Female,734452,CH1_R2,CH1_R2_F1_1_uM_Tg_FBS_negative
B17,1_uM_Tg_FBS_negative,F1,Female,734452,CH1_R2,CH1_R2_F1_1_uM_Tg_FBS_negative
B18,10_uM_Tg_FBS_negative,F1,Female,734452,CH1_R2,CH1_R2_F1_10_uM_Tg_FBS_negative
B19,10_uM_Tg_FBS_negative,F1,Female,734452,CH1_R2,CH1_R2_F1_10_uM_Tg_FBS_negative
B20,0.2_percent_DMSO_FBS_negative,F1,Female,734452,CH1_R2,CH1_R2_F1_0.2_percent_DMSO_FBS_negative
B21,0.2_percent_DMSO_FBS_negative,F1,Female,734452,CH1_R2,CH1_R2_F1_0.2_percent_DMSO_FBS_negative
B22,5_ug_per_mL_TM_FBS_negative,F1,Female,734452,CH1_R2,CH1_R2_F1_5_ug_per_mL_TM_FBS_negative
B23,5_ug_per_mL_TM_FBS_negative,F1,Female,734452,CH1_R2,CH1_R2_F1_5_ug_per_mL_TM_FBS_negative
C02,0.1_percent_DMSO_FBS_positive,F1,Female,734452,CH1_R2,CH1_R2_F1_0.1_percent_DMSO_FBS_positive
C03,0.1_percent_DMSO_FBS_positive,F1,Female,734452,CH1_R2,CH1_R2_F1_0.1_percent_DMSO_FBS_positive
C04,0.1_uM_Tg_FBS_positive,F1,Female,734452,CH1_R2,CH1_R2_F1_0.1_uM_Tg_FBS_positive
C05,0.1_uM_Tg_FBS_positive,F1,Female,734452,CH1_R2,CH1_R2_F1_0.1_uM_Tg_FBS_positive
C06,1_uM_Tg_FBS_positive,F1,Female,734452,CH1_R2,CH1_R2_F1_1_uM_Tg_FBS_positive
C07,1_uM_Tg_FBS_positive,F1,Female,734452,CH1_R2,CH1_R2_F1_1_uM_Tg_FBS_positive
C08,10_uM_Tg_FBS_positive,F1,Female,734452,CH1_R2,CH1_R2_F1_10_uM_Tg_FBS_positive
C09,10_uM_Tg_FBS_positive,F1,Female,734452,CH1_R2,CH1_R2_F1_10_uM_Tg_FBS_positive
C10,0.2_percent_DMSO_FBS_positive,F1,Female,734452,CH1_R2,CH1_R2_F1_0.2_percent_DMSO_FBS_positive
C11,0.2_percent_DMSO_FBS_positive,F1,Female,734452,CH1_R2,CH1_R2_F1_0.2_percent_DMSO_FBS_positive
C12,0.1_percent_DMSO_FBS_negative,F1,Female,734452,CH1_R2,CH1_R2_F1_0.1_percent_DMSO_FBS_negative
C13,0.1_percent_DMSO_FBS_negative,F1,Female,734452,CH1_R2,CH1_R2_F1_0.1_percent_DMSO_FBS_negative
C14,0.1_uM_Tg_FBS_negative,F1,Female,734452,CH1_R2,CH1_R2_F1_0.1_uM_Tg_FBS_negative
C15,0.1_uM_Tg_FBS_negative,F1,Female,734452,CH1_R2,CH1_R2_F1_0.1_uM_Tg_FBS_negative
C16,1_uM_Tg_FBS_negative,F1,Female,734452,CH1_R2,CH1_R2_F1_1_uM_Tg_FBS_negative
C17,1_uM_Tg_FBS_negative,F1,Female,734452,CH1_R2,CH1_R2_F1_1_uM_Tg_FBS_negative
C18,10_uM_Tg_FBS_negative,F1,Female,734452,CH1_R2,CH1_R2_F1_10_uM_Tg_FBS_negative
C19,10_uM_Tg_FBS_negative,F1,Female,734452,CH1_R2,CH1_R2_F1_10_uM_Tg_FBS_negative
C20,0.2_percent_DMSO_FBS_negative,F1,Female,734452,CH1_R2,CH1_R2_F1_0.2_percent_DMSO_FBS_negative
C21,0.2_percent_DMSO_FBS_negative,F1,Female,734452,CH1_R2,CH1_R2_F1_0.2_percent_DMSO_FBS_negative
C22,5_ug_per_mL_TM_FBS_negative,F1,Female,734452,CH1_R2,CH1_R2_F1_5_ug_per_mL_TM_FBS_negative
C23,5_ug_per_mL_TM_FBS_negative,F1,Female,734452,CH1_R2,CH1_R2_F1_5_ug_per_mL_TM_FBS_negative
D02,0.1_percent_DMSO_FBS_positive,F2,Female,734451,CH1_R2,CH1_R2_F2_0.1_percent_DMSO_FBS_positive
D03,0.1_percent_DMSO_FBS_positive,F2,Female,734451,CH1_R2,CH1_R2_F2_0.1_percent_DMSO_FBS_positive
D04,0.1_uM_Tg_FBS_positive,F2,Female,734451,CH1_R2,CH1_R2_F2_0.1_uM_Tg_FBS_positive
D05,0.1_uM_Tg_FBS_positive,F2,Female,734451,CH1_R2,CH1_R2_F2_0.1_uM_Tg_FBS_positive
D06,1_uM_Tg_FBS_positive,F2,Female,734451,CH1_R2,CH1_R2_F2_1_uM_Tg_FBS_positive
D07,1_uM_Tg_FBS_positive,F2,Female,734451,CH1_R2,CH1_R2_F2_1_uM_Tg_FBS_positive
D08,10_uM_Tg_FBS_positive,F2,Female,734451,CH1_R2,CH1_R2_F2_10_uM_Tg_FBS_positive
D09,10_uM_Tg_FBS_positive,F2,Female,734451,CH1_R2,CH1_R2_F2_10_uM_Tg_FBS_positive
D10,0.2_percent_DMSO_FBS_positive,F2,Female,734451,CH1_R2,CH1_R2_F2_0.2_percent_DMSO_FBS_positive
D11,0.2_percent_DMSO_FBS_positive,F2,Female,734451,CH1_R2,CH1_R2_F2_0.2_percent_DMSO_FBS_positive
D12,0.1_percent_DMSO_FBS_negative,F2,Female,734451,CH1_R2,CH1_R2_F2_0.1_percent_DMSO_FBS_negative
D13,0.1_percent_DMSO_FBS_negative,F2,Female,734451,CH1_R2,CH1_R2_F2_0.1_percent_DMSO_FBS_negative
D14,0.1_uM_Tg_FBS_negative,F2,Female,734451,CH1_R2,CH1_R2_F2_0.1_uM_Tg_FBS_negative
D15,0.1_uM_Tg_FBS_negative,F2,Female,734451,CH1_R2,CH1_R2_F2_0.1_uM_Tg_FBS_negative
D16,1_uM_Tg_FBS_negative,F2,Female,734451,CH1_R2,CH1_R2_F2_1_uM_Tg_FBS_negative
D17,1_uM_Tg_FBS_negative,F2,Female,734451,CH1_R2,CH1_R2_F2_1_uM_Tg_FBS_negative
D18,10_uM_Tg_FBS_negative,F2,Female,734451,CH1_R2,CH1_R2_F2_10_uM_Tg_FBS_negative
D19,10_uM_Tg_FBS_negative,F2,Female,734451,CH1_R2,CH1_R2_F2_10_uM_Tg_FBS_negative
D20,0.2_percent_DMSO_FBS_negative,F2,Female,734451,CH1_R2,CH1_R2_F2_0.2_percent_DMSO_FBS_negative
D21,0.2_percent_DMSO_FBS_negative,F2,Female,734451,CH1_R2,CH1_R2_F2_0.2_percent_DMSO_FBS_negative
D22,5_ug_per_mL_TM_FBS_negative,F2,Female,734451,CH1_R2,CH1_R2_F2_5_ug_per_mL_TM_FBS_negative
D23,5_ug_per_mL_TM_FBS_negative,F2,Female,734451,CH1_R2,CH1_R2_F2_5_ug_per_mL_TM_FBS_negative
E02,0.1_percent_DMSO_FBS_positive,F2,Female,734451,CH1_R2,CH1_R2_F2_0.1_percent_DMSO_FBS_positive
E03,0.1_percent_DMSO_FBS_positive,F2,Female,734451,CH1_R2,CH1_R2_F2_0.1_percent_DMSO_FBS_positive
E04,0.1_uM_Tg_FBS_positive,F2,Female,734451,CH1_R2,CH1_R2_F2_0.1_uM_Tg_FBS_positive
E05,0.1_uM_Tg_FBS_positive,F2,Female,734451,CH1_R2,CH1_R2_F2_0.1_uM_Tg_FBS_positive
E06,1_uM_Tg_FBS_positive,F2,Female,734451,CH1_R2,CH1_R2_F2_1_uM_Tg_FBS_positive
E07,1_uM_Tg_FBS_positive,F2,Female,734451,CH1_R2,CH1_R2_F2_1_uM_Tg_FBS_positive
E08,10_uM_Tg_FBS_positive,F2,Female,734451,CH1_R2,CH1_R2_F2_10_uM_Tg_FBS_positive
E09,10_uM_Tg_FBS_positive,F2,Female,734451,CH1_R2,CH1_R2_F2_10_uM_Tg_FBS_positive
E10,0.2_percent_DMSO_FBS_positive,F2,Female,734451,CH1_R2,CH1_R2_F2_0.2_percent_DMSO_FBS_positive
E11,0.2_percent_DMSO_FBS_positive,F2,Female,734451,CH1_R2,CH1_R2_F2_0.2_percent_DMSO_FBS_positive
E12,0.1_percent_DMSO_FBS_negative,F2,Female,734451,CH1_R2,CH1_R2_F2_0.1_percent_DMSO_FBS_negative
E13,0.1_percent_DMSO_FBS_negative,F2,Female,734451,CH1_R2,CH1_R2_F2_0.1_percent_DMSO_FBS_negative
E14,0.1_uM_Tg_FBS_negative,F2,Female,734451,CH1_R2,CH1_R2_F2_0.1_uM_Tg_FBS_negative
E15,0.1_uM_Tg_FBS_negative,F2,Female,734451,CH1_R2,CH1_R2_F2_0.1_uM_Tg_FBS_negative
E16,1_uM_Tg_FBS_negative,F2,Female,734451,CH1_R2,CH1_R2_F2_1_uM_Tg_FBS_negative
E17,1_uM_Tg_FBS_negative,F2,Female,734451,CH1_R2,CH1_R2_F2_1_uM_Tg_FBS_negative
E18,10_uM_Tg_FBS_negative,F2,Female,734451,CH1_R2,CH1_R2_F2_10_uM_Tg_FBS_negative
E19,10_uM_Tg_FBS_negative,F2,Female,734451,CH1_R2,CH1_R2_F2_10_uM_Tg_FBS_negative
E20,0.2_percent_DMSO_FBS_negative,F2,Female,734451,CH1_R2,CH1_R2_F2_0.2_percent_DMSO_FBS_negative
E21,0.2_percent_DMSO_FBS_negative,F2,Female,734451,CH1_R2,CH1_R2_F2_0.2_percent_DMSO_FBS_negative
E22,5_ug_per_mL_TM_FBS_negative,F2,Female,734451,CH1_R2,CH1_R2_F2_5_ug_per_mL_TM_FBS_negative
E23,5_ug_per_mL_TM_FBS_negative,F2,Female,734451,CH1_R2,CH1_R2_F2_5_ug_per_mL_TM_FBS_negative
F02,0.1_percent_DMSO_FBS_positive,F3,Female,734450,CH1_R2,CH1_R2_F3_0.1_percent_DMSO_FBS_positive
F03,0.1_percent_DMSO_FBS_positive,F3,Female,734450,CH1_R2,CH1_R2_F3_0.1_percent_DMSO_FBS_positive
F04,0.1_uM_Tg_FBS_positive,F3,Female,734450,CH1_R2,CH1_R2_F3_0.1_uM_Tg_FBS_positive
F05,0.1_uM_Tg_FBS_positive,F3,Female,734450,CH1_R2,CH1_R2_F3_0.1_uM_Tg_FBS_positive
F06,1_uM_Tg_FBS_positive,F3,Female,734450,CH1_R2,CH1_R2_F3_1_uM_Tg_FBS_positive
F07,1_uM_Tg_FBS_positive,F3,Female,734450,CH1_R2,CH1_R2_F3_1_uM_Tg_FBS_positive
F08,10_uM_Tg_FBS_positive,F3,Female,734450,CH1_R2,CH1_R2_F3_10_uM_Tg_FBS_positive
F09,10_uM_Tg_FBS_positive,F3,Female,734450,CH1_R2,CH1_R2_F3_10_uM_Tg_FBS_positive
F10,0.2_percent_DMSO_FBS_positive,F3,Female,734450,CH1_R2,CH1_R2_F3_0.2_percent_DMSO_FBS_positive
F11,0.2_percent_DMSO_FBS_positive,F3,Female,734450,CH1_R2,CH1_R2_F3_0.2_percent_DMSO_FBS_positive
F12,0.1_percent_DMSO_FBS_negative,F3,Female,734450,CH1_R2,CH1_R2_F3_0.1_percent_DMSO_FBS_negative
F13,0.1_percent_DMSO_FBS_negative,F3,Female,734450,CH1_R2,CH1_R2_F3_0.1_percent_DMSO_FBS_negative
F14,0.1_uM_Tg_FBS_negative,F3,Female,734450,CH1_R2,CH1_R2_F3_0.1_uM_Tg_FBS_negative
F15,0.1_uM_Tg_FBS_negative,F3,Female,734450,CH1_R2,CH1_R2_F3_0.1_uM_Tg_FBS_negative
F16,1_uM_Tg_FBS_negative,F3,Female,734450,CH1_R2,CH1_R2_F3_1_uM_Tg_FBS_negative
F17,1_uM_Tg_FBS_negative,F3,Female,734450,CH1_R2,CH1_R2_F3_1_uM_Tg_FBS_negative
F18,10_uM_Tg_FBS_negative,F3,Female,734450,CH1_R2,CH1_R2_F3_10_uM_Tg_FBS_negative
F19,10_uM_Tg_FBS_negative,F3,Female,734450,CH1_R2,CH1_R2_F3_10_uM_Tg_FBS_negative
F20,0.2_percent_DMSO_FBS_negative,F3,Female,734450,CH1_R2,CH1_R2_F3_0.2_percent_DMSO_FBS_negative
F21,0.2_percent_DMSO_FBS_negative,F3,Female,734450,CH1_R2,CH1_R2_F3_0.2_percent_DMSO_FBS_negative
F22,5_ug_per_mL_TM_FBS_negative,F3,Female,734450,CH1_R2,CH1_R2_F3_5_ug_per_mL_TM_FBS_negative
F23,5_ug_per_mL_TM_FBS_negative,F3,Female,734450,CH1_R2,CH1_R2_F3_5_ug_per_mL_TM_FBS_negative
G02,0.1_percent_DMSO_FBS_positive,F3,Female,734450,CH1_R2,CH1_R2_F3_0.1_percent_DMSO_FBS_positive
G03,0.1_percent_DMSO_FBS_positive,F3,Female,734450,CH1_R2,CH1_R2_F3_0.1_percent_DMSO_FBS_positive
G04,0.1_uM_Tg_FBS_positive,F3,Female,734450,CH1_R2,CH1_R2_F3_0.1_uM_Tg_FBS_positive
G05,0.1_uM_Tg_FBS_positive,F3,Female,734450,CH1_R2,CH1_R2_F3_0.1_uM_Tg_FBS_positive
G06,1_uM_Tg_FBS_positive,F3,Female,734450,CH1_R2,CH1_R2_F3_1_uM_Tg_FBS_positive
G07,1_uM_Tg_FBS_positive,F3,Female,734450,CH1_R2,CH1_R2_F3_1_uM_Tg_FBS_positive
G08,10_uM_Tg_FBS_positive,F3,Female,734450,CH1_R2,CH1_R2_F3_10_uM_Tg_FBS_positive
G09,10_uM_Tg_FBS_positive,F3,Female,734450,CH1_R2,CH1_R2_F3_10_uM_Tg_FBS_positive
G10,0.2_percent_DMSO_FBS_positive,F3,Female,734450,CH1_R2,CH1_R2_F3_0.2_percent_DMSO_FBS_positive
G11,0.2_percent_DMSO_FBS_positive,F3,Female,734450,CH1_R2,CH1_R2_F3_0.2_percent_DMSO_FBS_positive
G12,0.1_percent_DMSO_FBS_negative,F3,Female,734450,CH1_R2,CH1_R2_F3_0.1_percent_DMSO_FBS_negative
G13,0.1_percent_DMSO_FBS_negative,F3,Female,734450,CH1_R2,CH1_R2_F3_0.1_percent_DMSO_FBS_negative
G14,0.1_uM_Tg_FBS_negative,F3,Female,734450,CH1_R2,CH1_R2_F3_0.1_uM_Tg_FBS_negative
G15,0.1_uM_Tg_FBS_negative,F3,Female,734450,CH1_R2,CH1_R2_F3_0.1_uM_Tg_FBS_negative
G16,1_uM_Tg_FBS_negative,F3,Female,734450,CH1_R2,CH1_R2_F3_1_uM_Tg_FBS_negative
G17,1_uM_Tg_FBS_negative,F3,Female,734450,CH1_R2,CH1_R2_F3_1_uM_Tg_FBS_negative
G18,10_uM_Tg_FBS_negative,F3,Female,734450,CH1_R2,CH1_R2_F3_10_uM_Tg_FBS_negative
G19,10_uM_Tg_FBS_negative,F3,Female,734450,CH1_R2,CH1_R2_F3_10_uM_Tg_FBS_negative
G20,0.2_percent_DMSO_FBS_negative,F3,Female,734450,CH1_R2,CH1_R2_F3_0.2_percent_DMSO_FBS_negative
G21,0.2_percent_DMSO_FBS_negative,F3,Female,734450,CH1_R2,CH1_R2_F3_0.2_percent_DMSO_FBS_negative
G22,5_ug_per_mL_TM_FBS_negative,F3,Female,734450,CH1_R2,CH1_R2_F3_5_ug_per_mL_TM_FBS_negative
G23,5_ug_per_mL_TM_FBS_negative,F3,Female,734450,CH1_R2,CH1_R2_F3_5_ug_per_mL_TM_FBS_negative
H02,0.1_percent_DMSO_FBS_positive,M1,Male,732077,CH1_R2,CH1_R2_M1_0.1_percent_DMSO_FBS_positive
H03,0.1_percent_DMSO_FBS_positive,M1,Male,732077,CH1_R2,CH1_R2_M1_0.1_percent_DMSO_FBS_positive
H04,0.1_uM_Tg_FBS_positive,M1,Male,732077,CH1_R2,CH1_R2_M1_0.1_uM_Tg_FBS_positive
H05,0.1_uM_Tg_FBS_positive,M1,Male,732077,CH1_R2,CH1_R2_M1_0.1_uM_Tg_FBS_positive
H06,1_uM_Tg_FBS_positive,M1,Male,732077,CH1_R2,CH1_R2_M1_1_uM_Tg_FBS_positive
H07,1_uM_Tg_FBS_positive,M1,Male,732077,CH1_R2,CH1_R2_M1_1_uM_Tg_FBS_positive
H08,10_uM_Tg_FBS_positive,M1,Male,732077,CH1_R2,CH1_R2_M1_10_uM_Tg_FBS_positive
H09,10_uM_Tg_FBS_positive,M1,Male,732077,CH1_R2,CH1_R2_M1_10_uM_Tg_FBS_positive
H10,0.2_percent_DMSO_FBS_positive,M1,Male,732077,CH1_R2,CH1_R2_M1_0.2_percent_DMSO_FBS_positive
H11,0.2_percent_DMSO_FBS_positive,M1,Male,732077,CH1_R2,CH1_R2_M1_0.2_percent_DMSO_FBS_positive
H12,0.1_percent_DMSO_FBS_negative,M1,Male,732077,CH1_R2,CH1_R2_M1_0.1_percent_DMSO_FBS_negative
H13,0.1_percent_DMSO_FBS_negative,M1,Male,732077,CH1_R2,CH1_R2_M1_0.1_percent_DMSO_FBS_negative
H14,0.1_uM_Tg_FBS_negative,M1,Male,732077,CH1_R2,CH1_R2_M1_0.1_uM_Tg_FBS_negative
H15,0.1_uM_Tg_FBS_negative,M1,Male,732077,CH1_R2,CH1_R2_M1_0.1_uM_Tg_FBS_negative
H16,1_uM_Tg_FBS_negative,M1,Male,732077,CH1_R2,CH1_R2_M1_1_uM_Tg_FBS_negative
H17,1_uM_Tg_FBS_negative,M1,Male,732077,CH1_R2,CH1_R2_M1_1_uM_Tg_FBS_negative
H18,10_uM_Tg_FBS_negative,M1,Male,732077,CH1_R2,CH1_R2_M1_10_uM_Tg_FBS_negative
H19,10_uM_Tg_FBS_negative,M1,Male,732077,CH1_R2,CH1_R2_M1_10_uM_Tg_FBS_negative
H20,0.2_percent_DMSO_FBS_negative,M1,Male,732077,CH1_R2,CH1_R2_M1_0.2_percent_DMSO_FBS_negative
H21,0.2_percent_DMSO_FBS_negative,M1,Male,732077,CH1_R2,CH1_R2_M1_0.2_percent_DMSO_FBS_negative
H22,NA,NA,#N/A,#N/A,CH1_R2,NA
H23,NA,NA,#N/A,#N/A,CH1_R2,NA
I02,0.1_percent_DMSO_FBS_positive,M1,Male,732077,CH1_R2,CH1_R2_M1_0.1_percent_DMSO_FBS_positive
I03,0.1_percent_DMSO_FBS_positive,M1,Male,732077,CH1_R2,CH1_R2_M1_0.1_percent_DMSO_FBS_positive
I04,0.1_uM_Tg_FBS_positive,M1,Male,732077,CH1_R2,CH1_R2_M1_0.1_uM_Tg_FBS_positive
I05,0.1_uM_Tg_FBS_positive,M1,Male,732077,CH1_R2,CH1_R2_M1_0.1_uM_Tg_FBS_positive
I06,1_uM_Tg_FBS_positive,M1,Male,732077,CH1_R2,CH1_R2_M1_1_uM_Tg_FBS_positive
I07,1_uM_Tg_FBS_positive,M1,Male,732077,CH1_R2,CH1_R2_M1_1_uM_Tg_FBS_positive
I08,10_uM_Tg_FBS_positive,M1,Male,732077,CH1_R2,CH1_R2_M1_10_uM_Tg_FBS_positive
I09,10_uM_Tg_FBS_positive,M1,Male,732077,CH1_R2,CH1_R2_M1_10_uM_Tg_FBS_positive
I10,0.2_percent_DMSO_FBS_positive,M1,Male,732077,CH1_R2,CH1_R2_M1_0.2_percent_DMSO_FBS_positive
I11,0.2_percent_DMSO_FBS_positive,M1,Male,732077,CH1_R2,CH1_R2_M1_0.2_percent_DMSO_FBS_positive
I12,0.1_percent_DMSO_FBS_negative,M1,Male,732077,CH1_R2,CH1_R2_M1_0.1_percent_DMSO_FBS_negative
I13,0.1_percent_DMSO_FBS_negative,M1,Male,732077,CH1_R2,CH1_R2_M1_0.1_percent_DMSO_FBS_negative
I14,0.1_uM_Tg_FBS_negative,M1,Male,732077,CH1_R2,CH1_R2_M1_0.1_uM_Tg_FBS_negative
I15,0.1_uM_Tg_FBS_negative,M1,Male,732077,CH1_R2,CH1_R2_M1_0.1_uM_Tg_FBS_negative
I16,1_uM_Tg_FBS_negative,M1,Male,732077,CH1_R2,CH1_R2_M1_1_uM_Tg_FBS_negative
I17,1_uM_Tg_FBS_negative,M1,Male,732077,CH1_R2,CH1_R2_M1_1_uM_Tg_FBS_negative
I18,10_uM_Tg_FBS_negative,M1,Male,732077,CH1_R2,CH1_R2_M1_10_uM_Tg_FBS_negative
I19,10_uM_Tg_FBS_negative,M1,Male,732077,CH1_R2,CH1_R2_M1_10_uM_Tg_FBS_negative
I20,0.2_percent_DMSO_FBS_negative,M1,Male,732077,CH1_R2,CH1_R2_M1_0.2_percent_DMSO_FBS_negative
I21,0.2_percent_DMSO_FBS_negative,M1,Male,732077,CH1_R2,CH1_R2_M1_0.2_percent_DMSO_FBS_negative
I22,NA,NA,#N/A,#N/A,CH1_R2,NA
I23,NA,NA,#N/A,#N/A,CH1_R2,NA
J02,0.1_percent_DMSO_FBS_positive,M2,Male,732076,CH1_R2,CH1_R2_M2_0.1_percent_DMSO_FBS_positive
J03,0.1_percent_DMSO_FBS_positive,M2,Male,732076,CH1_R2,CH1_R2_M2_0.1_percent_DMSO_FBS_positive
J04,0.1_uM_Tg_FBS_positive,M2,Male,732076,CH1_R2,CH1_R2_M2_0.1_uM_Tg_FBS_positive
J05,0.1_uM_Tg_FBS_positive,M2,Male,732076,CH1_R2,CH1_R2_M2_0.1_uM_Tg_FBS_positive
J06,1_uM_Tg_FBS_positive,M2,Male,732076,CH1_R2,CH1_R2_M2_1_uM_Tg_FBS_positive
J07,1_uM_Tg_FBS_positive,M2,Male,732076,CH1_R2,CH1_R2_M2_1_uM_Tg_FBS_positive
J08,10_uM_Tg_FBS_positive,M2,Male,732076,CH1_R2,CH1_R2_M2_10_uM_Tg_FBS_positive
J09,10_uM_Tg_FBS_positive,M2,Male,732076,CH1_R2,CH1_R2_M2_10_uM_Tg_FBS_positive
J10,0.2_percent_DMSO_FBS_positive,M2,Male,732076,CH1_R2,CH1_R2_M2_0.2_percent_DMSO_FBS_positive
J11,0.2_percent_DMSO_FBS_positive,M2,Male,732076,CH1_R2,CH1_R2_M2_0.2_percent_DMSO_FBS_positive
J12,0.1_percent_DMSO_FBS_negative,M2,Male,732076,CH1_R2,CH1_R2_M2_0.1_percent_DMSO_FBS_negative
J13,0.1_percent_DMSO_FBS_negative,M2,Male,732076,CH1_R2,CH1_R2_M2_0.1_percent_DMSO_FBS_negative
J14,0.1_uM_Tg_FBS_negative,M2,Male,732076,CH1_R2,CH1_R2_M2_0.1_uM_Tg_FBS_negative
J15,0.1_uM_Tg_FBS_negative,M2,Male,732076,CH1_R2,CH1_R2_M2_0.1_uM_Tg_FBS_negative
J16,1_uM_Tg_FBS_negative,M2,Male,732076,CH1_R2,CH1_R2_M2_1_uM_Tg_FBS_negative
J17,1_uM_Tg_FBS_negative,M2,Male,732076,CH1_R2,CH1_R2_M2_1_uM_Tg_FBS_negative
J18,10_uM_Tg_FBS_negative,M2,Male,732076,CH1_R2,CH1_R2_M2_10_uM_Tg_FBS_negative
J19,10_uM_Tg_FBS_negative,M2,Male,732076,CH1_R2,CH1_R2_M2_10_uM_Tg_FBS_negative
J20,NA,NA,#N/A,#N/A,CH1_R2,NA
J21,NA,NA,#N/A,#N/A,CH1_R2,NA
J22,NA,NA,#N/A,#N/A,CH1_R2,NA
J23,NA,NA,#N/A,#N/A,CH1_R2,NA
K02,0.1_percent_DMSO_FBS_positive,M2,Male,732076,CH1_R2,CH1_R2_M2_0.1_percent_DMSO_FBS_positive
K03,0.1_percent_DMSO_FBS_positive,M2,Male,732076,CH1_R2,CH1_R2_M2_0.1_percent_DMSO_FBS_positive
K04,0.1_uM_Tg_FBS_positive,M2,Male,732076,CH1_R2,CH1_R2_M2_0.1_uM_Tg_FBS_positive
K05,0.1_uM_Tg_FBS_positive,M2,Male,732076,CH1_R2,CH1_R2_M2_0.1_uM_Tg_FBS_positive
K06,1_uM_Tg_FBS_positive,M2,Male,732076,CH1_R2,CH1_R2_M2_1_uM_Tg_FBS_positive
K07,1_uM_Tg_FBS_positive,M2,Male,732076,CH1_R2,CH1_R2_M2_1_uM_Tg_FBS_positive
K08,10_uM_Tg_FBS_positive,M2,Male,732076,CH1_R2,CH1_R2_M2_10_uM_Tg_FBS_positive
K09,10_uM_Tg_FBS_positive,M2,Male,732076,CH1_R2,CH1_R2_M2_10_uM_Tg_FBS_positive
K10,0.2_percent_DMSO_FBS_positive,M2,Male,732076,CH1_R2,CH1_R2_M2_0.2_percent_DMSO_FBS_positive
K11,0.2_percent_DMSO_FBS_positive,M2,Male,732076,CH1_R2,CH1_R2_M2_0.2_percent_DMSO_FBS_positive
K12,0.1_percent_DMSO_FBS_negative,M2,Male,732076,CH1_R2,CH1_R2_M2_0.1_percent_DMSO_FBS_negative
K13,0.1_percent_DMSO_FBS_negative,M2,Male,732076,CH1_R2,CH1_R2_M2_0.1_percent_DMSO_FBS_negative
K14,0.1_uM_Tg_FBS_negative,M2,Male,732076,CH1_R2,CH1_R2_M2_0.1_uM_Tg_FBS_negative
K15,0.1_uM_Tg_FBS_negative,M2,Male,732076,CH1_R2,CH1_R2_M2_0.1_uM_Tg_FBS_negative
K16,1_uM_Tg_FBS_negative,M2,Male,732076,CH1_R2,CH1_R2_M2_1_uM_Tg_FBS_negative
K17,1_uM_Tg_FBS_negative,M2,Male,732076,CH1_R2,CH1_R2_M2_1_uM_Tg_FBS_negative
K18,10_uM_Tg_FBS_negative,NA,#N/A,#N/A,CH1_R2,CH1_R2_NA_10_uM_Tg_FBS_negative
K19,10_uM_Tg_FBS_negative,NA,#N/A,#N/A,CH1_R2,CH1_R2_NA_10_uM_Tg_FBS_negative
K20,NA,NA,#N/A,#N/A,CH1_R2,NA
K21,NA,NA,#N/A,#N/A,CH1_R2,NA
K22,NA,NA,#N/A,#N/A,CH1_R2,NA
K23,NA,NA,#N/A,#N/A,CH1_R2,NA
L02,0.1_percent_DMSO_FBS_positive,M3,Male,732078,CH1_R2,CH1_R2_M3_0.1_percent_DMSO_FBS_positive
L03,0.1_percent_DMSO_FBS_positive,M3,Male,732078,CH1_R2,CH1_R2_M3_0.1_percent_DMSO_FBS_positive
L04,0.1_uM_Tg_FBS_positive,M3,Male,732078,CH1_R2,CH1_R2_M3_0.1_uM_Tg_FBS_positive
L05,0.1_uM_Tg_FBS_positive,M3,Male,732078,CH1_R2,CH1_R2_M3_0.1_uM_Tg_FBS_positive
L06,1_uM_Tg_FBS_positive,M3,Male,732078,CH1_R2,CH1_R2_M3_1_uM_Tg_FBS_positive
L07,1_uM_Tg_FBS_positive,M3,Male,732078,CH1_R2,CH1_R2_M3_1_uM_Tg_FBS_positive
L08,1_uM_Tg_FBS_positive,M3,Male,732078,CH1_R2,CH1_R2_M3_1_uM_Tg_FBS_positive
L09,10_uM_Tg_FBS_positive,M3,Male,732078,CH1_R2,CH1_R2_M3_10_uM_Tg_FBS_positive
L10,10_uM_Tg_FBS_positive,M3,Male,732078,CH1_R2,CH1_R2_M3_10_uM_Tg_FBS_positive
L11,10_uM_Tg_FBS_positive,M3,Male,732078,CH1_R2,CH1_R2_M3_10_uM_Tg_FBS_positive
L12,0.2_percent_DMSO_FBS_positive,M3,Male,732078,CH1_R2,CH1_R2_M3_0.2_percent_DMSO_FBS_positive
L13,0.2_percent_DMSO_FBS_positive,M3,Male,732078,CH1_R2,CH1_R2_M3_0.2_percent_DMSO_FBS_positive
L14,0.1_percent_DMSO_FBS_negative,M3,Male,732078,CH1_R2,CH1_R2_M3_0.1_percent_DMSO_FBS_negative
L15,0.1_percent_DMSO_FBS_negative,M3,Male,732078,CH1_R2,CH1_R2_M3_0.1_percent_DMSO_FBS_negative
L16,0.1_uM_Tg_FBS_negative,M3,Male,732078,CH1_R2,CH1_R2_M3_0.1_uM_Tg_FBS_negative
L17,0.1_uM_Tg_FBS_negative,M3,Male,732078,CH1_R2,CH1_R2_M3_0.1_uM_Tg_FBS_negative
L18,1_uM_Tg_FBS_negative,M3,Male,732078,CH1_R2,CH1_R2_M3_1_uM_Tg_FBS_negative
L19,1_uM_Tg_FBS_negative,M3,Male,732078,CH1_R2,CH1_R2_M3_1_uM_Tg_FBS_negative
L20,10_uM_Tg_FBS_negative,M3,Male,732078,CH1_R2,CH1_R2_M3_10_uM_Tg_FBS_negative
L21,10_uM_Tg_FBS_negative,M3,Male,732078,CH1_R2,CH1_R2_M3_10_uM_Tg_FBS_negative
L22,0.2_percent_DMSO_FBS_negative,M3,Male,732078,CH1_R2,CH1_R2_M3_0.2_percent_DMSO_FBS_negative
L23,0.2_percent_DMSO_FBS_negative,NA,#N/A,#N/A,CH1_R2,CH1_R2_NA_0.2_percent_DMSO_FBS_negative
M02,NA,NA,#N/A,#N/A,CH1_R2,NA
M03,NA,NA,#N/A,#N/A,CH1_R2,NA
M04,NA,NA,#N/A,#N/A,CH1_R2,NA
M05,NA,NA,#N/A,#N/A,CH1_R2,NA
M06,NA,NA,#N/A,#N/A,CH1_R2,NA
M07,NA,NA,#N/A,#N/A,CH1_R2,NA
M08,NA,NA,#N/A,#N/A,CH1_R2,NA
M09,NA,NA,#N/A,#N/A,CH1_R2,NA
M10,NA,NA,#N/A,#N/A,CH1_R2,NA
M11,NA,NA,#N/A,#N/A,CH1_R2,NA
M12,NA,NA,#N/A,#N/A,CH1_R2,NA
M13,NA,NA,#N/A,#N/A,CH1_R2,NA
M14,NA,NA,#N/A,#N/A,CH1_R2,NA
M15,NA,NA,#N/A,#N/A,CH1_R2,NA
M16,NA,NA,#N/A,#N/A,CH1_R2,NA
M17,NA,NA,#N/A,#N/A,CH1_R2,NA
M18,NA,NA,#N/A,#N/A,CH1_R2,NA
M19,NA,NA,#N/A,#N/A,CH1_R2,NA
M20,NA,NA,#N/A,#N/A,CH1_R2,NA
M21,NA,NA,#N/A,#N/A,CH1_R2,NA
M22,NA,NA,#N/A,#N/A,CH1_R2,NA
M23,NA,NA,#N/A,#N/A,CH1_R2,NA
N02,1_percent_DMSO_FBS_positive,F1,Female,734452,CH1_R2,CH1_R2_F1_1_percent_DMSO_FBS_positive
N03,1_percent_DMSO_FBS_negative,F1,Female,734452,CH1_R2,CH1_R2_F1_1_percent_DMSO_FBS_negative
N04,1_percent_DMSO_FBS_negative,F1,Female,734452,CH1_R2,CH1_R2_F1_1_percent_DMSO_FBS_negative
N05,1_percent_DMSO_FBS_positive,F2,Female,734451,CH1_R2,CH1_R2_F2_1_percent_DMSO_FBS_positive
N06,1_percent_DMSO_FBS_positive,F2,Female,734451,CH1_R2,CH1_R2_F2_1_percent_DMSO_FBS_positive
N07,1_percent_DMSO_FBS_positive,F2,Female,734451,CH1_R2,CH1_R2_F2_1_percent_DMSO_FBS_positive
N08,1_percent_DMSO_FBS_positive,F2,Female,734451,CH1_R2,CH1_R2_F2_1_percent_DMSO_FBS_positive
N09,1_percent_DMSO_FBS_positive,F2,Female,734451,CH1_R2,CH1_R2_F2_1_percent_DMSO_FBS_positive
N10,1_percent_DMSO_FBS_negative,F2,Female,734451,CH1_R2,CH1_R2_F2_1_percent_DMSO_FBS_negative
N11,1_percent_DMSO_FBS_negative,F2,Female,734451,CH1_R2,CH1_R2_F2_1_percent_DMSO_FBS_negative
N12,1_percent_DMSO_FBS_negative,F2,Female,734451,CH1_R2,CH1_R2_F2_1_percent_DMSO_FBS_negative
N13,1_percent_DMSO_FBS_negative,F2,Female,734451,CH1_R2,CH1_R2_F2_1_percent_DMSO_FBS_negative
N14,1_percent_DMSO_FBS_negative,F2,Female,734451,CH1_R2,CH1_R2_F2_1_percent_DMSO_FBS_negative
N15,NA,NA,#N/A,#N/A,CH1_R2,NA
N16,1_percent_DMSO_FBS_positive,F3,Female,734450,CH1_R2,CH1_R2_F3_1_percent_DMSO_FBS_positive
N17,1_percent_DMSO_FBS_positive,F3,Female,734450,CH1_R2,CH1_R2_F3_1_percent_DMSO_FBS_positive
N18,1_percent_DMSO_FBS_positive,F3,Female,734450,CH1_R2,CH1_R2_F3_1_percent_DMSO_FBS_positive
N19,1_percent_DMSO_FBS_negative,F3,Female,734450,CH1_R2,CH1_R2_F3_1_percent_DMSO_FBS_negative
N20,1_percent_DMSO_FBS_negative,F3,Female,734450,CH1_R2,CH1_R2_F3_1_percent_DMSO_FBS_negative
N21,1_percent_DMSO_FBS_negative,F3,Female,734450,CH1_R2,CH1_R2_F3_1_percent_DMSO_FBS_negative
N22,1_percent_DMSO_FBS_negative,F3,Female,734450,CH1_R2,CH1_R2_F3_1_percent_DMSO_FBS_negative
N23,NA,NA,#N/A,#N/A,CH1_R2,NA
O02,1_percent_DMSO_FBS_positive,M1,Male,732077,CH1_R2,CH1_R2_M1_1_percent_DMSO_FBS_positive
O03,NA,NA,#N/A,#N/A,CH1_R2,NA
O04,NA,NA,#N/A,#N/A,CH1_R2,NA
O05,NA,NA,#N/A,#N/A,CH1_R2,NA
O06,NA,NA,#N/A,#N/A,CH1_R2,NA
O07,NA,NA,#N/A,#N/A,CH1_R2,NA
O08,NA,NA,#N/A,#N/A,CH1_R2,NA
O09,NA,NA,#N/A,#N/A,CH1_R2,NA
O10,NA,NA,#N/A,#N/A,CH1_R2,NA
O11,NA,NA,#N/A,#N/A,CH1_R2,NA
O12,NA,NA,#N/A,#N/A,CH1_R2,NA
O13,NA,NA,#N/A,#N/A,CH1_R2,NA
O14,NA,NA,#N/A,#N/A,CH1_R2,NA
O15,NA,NA,#N/A,#N/A,CH1_R2,NA
O16,NA,NA,#N/A,#N/A,CH1_R2,NA
O17,NA,NA,#N/A,#N/A,CH1_R2,NA
O18,NA,NA,#N/A,#N/A,CH1_R2,NA
O19,NA,NA,#N/A,#N/A,CH1_R2,NA
O20,NA,NA,#N/A,#N/A,CH1_R2,NA
O21,NA,NA,#N/A,#N/A,CH1_R2,NA
O22,NA,NA,#N/A,#N/A,CH1_R2,NA
O23,NA,NA,#N/A,#N/A,CH1_R2,NA
